,strain,genus,species,elevation,pH,temperature,moisture,media_LB,media_SF900,province_chaiyaphum,province_kalasin,province_kamphaengphet,province_lampang,province_mahasarakham,province_nakhonratchasima,province_phetchabuns,province_phitsanulok,province_saraburi,province_udonthani,soiltype_clay loam,soiltype_loam,soiltype_sand,soiltype_sandy loam
19777,409,Xenorhabdus,stockiae,5.231108616854587,0.8888888888888884,0.7142857142857144,0.06666666666666667,1,0,0,0,0,0,0,0,0,1,0,0,0,1,0,0
19789,409,Xenorhabdus,stockiae,5.231108616854587,0.8888888888888884,0.7142857142857144,0.06666666666666667,0,1,0,0,0,0,0,0,0,1,0,0,0,1,0,0
19817,432,Photorhabdus,luminescens,5.497168225293202,0.7777777777777772,0.5714285714285714,0.13333333333333336,1,0,0,0,0,0,0,0,0,1,0,0,0,0,0,1
19818,433,Photorhabdus,luminescens,5.497168225293202,0.8888888888888884,0.6428571428571428,0.06666666666666667,1,0,0,0,0,0,0,0,0,1,0,0,0,0,0,1
19819,434,Photorhabdus,luminescens,5.545177444479562,0.8888888888888884,0.6428571428571428,0.06666666666666667,1,0,0,0,0,0,0,0,0,1,0,0,0,0,0,1
19820,435,Xenorhabdus,stockiae,5.3981627015177525,0.6666666666666665,0.5714285714285714,0.33333333333333337,1,0,0,0,0,0,0,0,0,1,0,0,0,1,0,0
19821,436,Xenorhabdus,stockiae,5.3981627015177525,0.8888888888888884,0.6428571428571428,0.06666666666666667,1,0,0,0,0,0,0,0,0,1,0,0,0,1,0,0
19822,437,Photorhabdus,luminescens,6.785587645007929,1.0,0.3571428571428572,0.06666666666666667,1,0,0,0,0,0,0,0,0,1,0,0,0,1,0,0
19824,438,Photorhabdus,luminescens,7.153833801578843,0.8888888888888884,0.2857142857142858,0.2,1,0,0,0,0,0,0,0,0,1,0,0,0,1,0,0
19840,432,Photorhabdus,luminescens,5.497168225293202,0.7777777777777772,0.5714285714285714,0.13333333333333336,0,1,0,0,0,0,0,0,0,1,0,0,0,0,0,1
19841,433,Photorhabdus,luminescens,5.497168225293202,0.8888888888888884,0.6428571428571428,0.06666666666666667,0,1,0,0,0,0,0,0,0,1,0,0,0,0,0,1
19842,434,Photorhabdus,luminescens,5.545177444479562,0.8888888888888884,0.6428571428571428,0.06666666666666667,0,1,0,0,0,0,0,0,0,1,0,0,0,0,0,1
19844,435,Xenorhabdus,stockiae,5.3981627015177525,0.6666666666666665,0.5714285714285714,0.33333333333333337,0,1,0,0,0,0,0,0,0,1,0,0,0,1,0,0
19845,436,Xenorhabdus,stockiae,5.3981627015177525,0.8888888888888884,0.6428571428571428,0.06666666666666667,0,1,0,0,0,0,0,0,0,1,0,0,0,1,0,0
19846,437,Photorhabdus,luminescens,6.785587645007929,1.0,0.3571428571428572,0.06666666666666667,0,1,0,0,0,0,0,0,0,1,0,0,0,1,0,0
19847,438,Photorhabdus,luminescens,7.153833801578843,0.8888888888888884,0.2857142857142858,0.2,0,1,0,0,0,0,0,0,0,1,0,0,0,1,0,0
19849,439,Photorhabdus,luminescens,7.149131598557407,0.7777777777777772,0.2142857142857144,0.2,1,0,0,0,0,0,0,0,0,1,0,0,0,1,0,0
19850,440,Photorhabdus,temperata,7.163946684342547,0.8888888888888884,0.2857142857142858,0.2,1,0,0,0,0,0,0,0,0,1,0,0,0,1,0,0
19851,441,Photorhabdus,luminescens,7.163946684342547,0.6666666666666665,0.2142857142857144,0.26666666666666666,1,0,0,0,0,0,0,0,0,1,0,0,0,1,0,0
19852,442,Photorhabdus,luminescens,7.163946684342547,0.7777777777777772,0.2142857142857144,0.2,1,0,0,0,0,0,0,0,0,1,0,0,0,1,0,0
19854,443,Photorhabdus,luminescens,7.150701457592526,0.8888888888888884,0.2142857142857144,0.2,1,0,0,0,0,0,0,0,0,1,0,0,0,1,0,0
19855,444,Photorhabdus,luminescens,7.160845906664299,0.8888888888888884,0.2142857142857144,0.2,1,0,0,0,0,0,0,0,0,1,0,0,0,1,0,0
19856,445,Photorhabdus,luminescens,5.4510384535657,0.8888888888888884,0.6428571428571428,0.13333333333333336,1,0,0,0,0,0,0,0,0,1,0,0,0,1,0,0
19858,447,Photorhabdus,luminescens,5.176149732573829,0.7777777777777772,0.6428571428571428,0.2,1,0,0,0,0,0,0,0,0,1,0,0,0,0,0,1
19859,448,Photorhabdus,luminescens,5.327876168789581,0.8888888888888884,0.6428571428571428,0.13333333333333336,1,0,0,0,0,0,0,0,0,1,0,0,0,0,0,1
19860,449,Xenorhabdus,stockiae,5.288267030694535,0.7777777777777772,0.5714285714285714,0.2,1,0,0,0,0,0,0,0,0,1,0,0,0,1,0,0
19862,451,Photorhabdus,luminescens,6.748759547491679,0.8888888888888884,0.3571428571428572,0.13333333333333336,1,0,0,0,0,0,0,0,1,0,0,0,0,1,0,0
19864,452,Xenorhabdus,vietnamensis,6.739336627357174,0.8888888888888884,0.4285714285714286,0.13333333333333336,1,0,0,0,0,0,0,0,1,0,0,0,0,1,0,0
19865,453,Xenorhabdus,vietnamensis,6.739336627357174,0.8888888888888884,0.4285714285714286,0.2,1,0,0,0,0,0,0,0,1,0,0,0,0,1,0,0
19867,439,Photorhabdus,luminescens,7.149131598557407,0.7777777777777772,0.2142857142857144,0.2,0,1,0,0,0,0,0,0,0,1,0,0,0,1,0,0
19868,440,Photorhabdus,temperata,7.163946684342547,0.8888888888888884,0.2857142857142858,0.2,0,1,0,0,0,0,0,0,0,1,0,0,0,1,0,0
19869,441,Photorhabdus,luminescens,7.163946684342547,0.6666666666666665,0.2142857142857144,0.26666666666666666,0,1,0,0,0,0,0,0,0,1,0,0,0,1,0,0
19870,442,Photorhabdus,luminescens,7.163946684342547,0.7777777777777772,0.2142857142857144,0.2,0,1,0,0,0,0,0,0,0,1,0,0,0,1,0,0
19871,443,Photorhabdus,luminescens,7.150701457592526,0.8888888888888884,0.2142857142857144,0.2,0,1,0,0,0,0,0,0,0,1,0,0,0,1,0,0
19873,444,Photorhabdus,luminescens,7.160845906664299,0.8888888888888884,0.2142857142857144,0.2,0,1,0,0,0,0,0,0,0,1,0,0,0,1,0,0
19874,445,Photorhabdus,luminescens,5.4510384535657,0.8888888888888884,0.6428571428571428,0.13333333333333336,0,1,0,0,0,0,0,0,0,1,0,0,0,1,0,0
19876,447,Photorhabdus,luminescens,5.176149732573829,0.7777777777777772,0.6428571428571428,0.2,0,1,0,0,0,0,0,0,0,1,0,0,0,0,0,1
19877,448,Photorhabdus,luminescens,5.327876168789581,0.8888888888888884,0.6428571428571428,0.13333333333333336,0,1,0,0,0,0,0,0,0,1,0,0,0,0,0,1
19878,449,Xenorhabdus,stockiae,5.288267030694535,0.7777777777777772,0.5714285714285714,0.2,0,1,0,0,0,0,0,0,0,1,0,0,0,1,0,0
19880,451,Photorhabdus,luminescens,6.748759547491679,0.8888888888888884,0.3571428571428572,0.13333333333333336,0,1,0,0,0,0,0,0,1,0,0,0,0,1,0,0
19881,452,Xenorhabdus,vietnamensis,6.739336627357174,0.8888888888888884,0.4285714285714286,0.13333333333333336,0,1,0,0,0,0,0,0,1,0,0,0,0,1,0,0
19883,453,Xenorhabdus,vietnamensis,6.739336627357174,0.8888888888888884,0.4285714285714286,0.2,0,1,0,0,0,0,0,0,1,0,0,0,0,1,0,0
19885,454,Photorhabdus,luminescens,6.760414691083428,0.7777777777777772,0.3571428571428572,0.2,1,0,0,0,0,0,0,0,1,0,0,0,0,1,0,0
19886,455,Xenorhabdus,japonica,6.779921907472252,0.7777777777777772,0.4285714285714286,0.2,1,0,0,0,0,0,0,0,1,0,0,0,0,1,0,0
19887,456,Photorhabdus,luminescens,6.742880635791903,0.8888888888888884,0.3571428571428572,0.13333333333333336,1,0,0,0,0,0,0,0,1,0,0,0,0,1,0,0
19888,457,Photorhabdus,luminescens,6.760414691083428,0.7777777777777772,0.3571428571428572,0.2,1,0,0,0,0,0,0,0,1,0,0,0,0,1,0,0
19899,467,Photorhabdus,luminescens,7.085901464365611,0.6666666666666665,0.2142857142857144,0.4666666666666667,1,0,0,0,1,0,0,0,0,0,0,0,0,1,0,0
19903,454,Photorhabdus,luminescens,6.760414691083428,0.7777777777777772,0.3571428571428572,0.2,0,1,0,0,0,0,0,0,1,0,0,0,0,1,0,0
19904,455,Xenorhabdus,japonica,6.779921907472252,0.7777777777777772,0.4285714285714286,0.2,0,1,0,0,0,0,0,0,1,0,0,0,0,1,0,0
19905,456,Photorhabdus,luminescens,6.742880635791903,0.8888888888888884,0.3571428571428572,0.13333333333333336,0,1,0,0,0,0,0,0,1,0,0,0,0,1,0,0
19906,457,Photorhabdus,luminescens,6.760414691083428,0.7777777777777772,0.3571428571428572,0.2,0,1,0,0,0,0,0,0,1,0,0,0,0,1,0,0
19917,467,Photorhabdus,luminescens,7.085901464365611,0.6666666666666665,0.2142857142857144,0.4666666666666667,0,1,0,0,1,0,0,0,0,0,0,0,0,1,0,0
19919,469,Photorhabdus,luminescens,5.673323267171493,1.0,0.9285714285714284,0.06666666666666667,1,0,0,0,0,0,0,1,0,0,0,0,0,1,0,0
19920,470,Photorhabdus,luminescens,5.963579343618446,1.0,0.7142857142857144,0.06666666666666667,1,0,0,0,0,0,0,1,0,0,0,0,0,1,0,0
19921,471,Photorhabdus,luminescens,5.594711379601839,0.8888888888888884,0.7857142857142856,0.2,1,0,0,0,0,0,0,1,0,0,0,0,0,0,0,1
19923,472,Photorhabdus,luminescens,5.978885764901122,0.8888888888888884,0.7142857142857144,0.06666666666666667,1,0,0,0,0,0,0,1,0,0,0,0,0,1,0,0
19924,473,Xenorhabdus,stockiae,3.9318256327243257,1.0,0.7142857142857144,0.06666666666666667,1,0,0,0,0,0,0,0,0,1,0,0,0,1,0,0
19925,474,Xenorhabdus,stockiae,3.784189633918261,1.0,0.7142857142857144,0.06666666666666667,1,0,0,0,0,0,0,0,0,1,0,0,0,1,0,0
19926,475,Xenorhabdus,stockiae,5.288267030694535,0.8888888888888884,0.6428571428571428,0.06666666666666667,1,0,1,0,0,0,0,0,0,0,0,0,0,1,0,0
19927,476,Xenorhabdus,stockiae,5.111987788356544,0.8888888888888884,0.7142857142857144,0.06666666666666667,1,0,0,0,0,0,0,0,0,0,0,1,0,1,0,0
19928,477,Xenorhabdus,stockiae,5.308267697401205,1.0,0.7142857142857144,0.06666666666666667,1,0,0,0,0,0,0,0,0,1,0,0,0,0,0,1
19929,478,Xenorhabdus,stockiae,5.327876168789581,1.0,0.7142857142857144,0.06666666666666667,1,0,1,0,0,0,0,0,0,0,0,0,0,0,0,1
19931,469,Photorhabdus,luminescens,5.673323267171493,1.0,0.9285714285714284,0.06666666666666667,0,1,0,0,0,0,0,1,0,0,0,0,0,1,0,0
19933,470,Photorhabdus,luminescens,5.963579343618446,1.0,0.7142857142857144,0.06666666666666667,0,1,0,0,0,0,0,1,0,0,0,0,0,1,0,0
19934,471,Photorhabdus,luminescens,5.594711379601839,0.8888888888888884,0.7857142857142856,0.2,0,1,0,0,0,0,0,1,0,0,0,0,0,0,0,1
19935,472,Photorhabdus,luminescens,5.978885764901122,0.8888888888888884,0.7142857142857144,0.06666666666666667,0,1,0,0,0,0,0,1,0,0,0,0,0,1,0,0
19936,473,Xenorhabdus,stockiae,3.9318256327243257,1.0,0.7142857142857144,0.06666666666666667,0,1,0,0,0,0,0,0,0,1,0,0,0,1,0,0
19940,474,Xenorhabdus,stockiae,3.784189633918261,1.0,0.7142857142857144,0.06666666666666667,0,1,0,0,0,0,0,0,0,1,0,0,0,1,0,0
19941,475,Xenorhabdus,stockiae,5.288267030694535,0.8888888888888884,0.6428571428571428,0.06666666666666667,0,1,1,0,0,0,0,0,0,0,0,0,0,1,0,0
19942,476,Xenorhabdus,stockiae,5.111987788356544,0.8888888888888884,0.7142857142857144,0.06666666666666667,0,1,0,0,0,0,0,0,0,0,0,1,0,1,0,0
19943,477,Xenorhabdus,stockiae,5.308267697401205,1.0,0.7142857142857144,0.06666666666666667,0,1,0,0,0,0,0,0,0,1,0,0,0,0,0,1
19944,478,Xenorhabdus,stockiae,5.327876168789581,1.0,0.7142857142857144,0.06666666666666667,0,1,1,0,0,0,0,0,0,0,0,0,0,0,0,1
19947,479,Xenorhabdus,stockiae,5.676753802268282,0.0,0.6428571428571428,1.0,1,0,1,0,0,0,0,0,0,0,0,0,0,0,0,1
19948,480,Photorhabdus,luminescens,5.327876168789581,0.6666666666666665,0.7142857142857144,0.6,1,0,1,0,0,0,0,0,0,0,0,0,0,0,0,1
19950,481,Xenorhabdus,stockiae,5.69035945432406,1.0,0.5714285714285714,0.06666666666666667,1,0,1,0,0,0,0,0,0,0,0,0,0,0,0,1
19951,482,Xenorhabdus,stockiae,4.0943445622221,0.7777777777777772,0.6428571428571428,0.13333333333333336,1,0,0,0,0,0,0,0,0,1,0,0,0,1,0,0
19952,483,Xenorhabdus,stockiae,5.081404364984463,0.8888888888888884,0.7857142857142856,0.0,1,0,0,1,0,0,0,0,0,0,0,0,0,0,0,1
19953,484,Xenorhabdus,stockiae,3.9889840465642745,1.0,0.8571428571428572,0.06666666666666667,1,0,0,0,0,0,0,0,0,1,0,0,0,1,0,0
19954,485,Photorhabdus,luminescens,3.9512437185814275,1.0,0.7142857142857144,0.06666666666666667,1,0,0,0,0,0,0,0,0,1,0,0,1,0,0,0
19955,486,Xenorhabdus,stockiae,4.0943445622221,0.7777777777777772,0.6428571428571428,0.2,1,0,0,0,0,0,0,0,0,1,0,0,0,0,1,0
19956,487,Xenorhabdus,stockiae,3.784189633918261,1.0,0.7857142857142856,0.06666666666666667,1,0,0,0,0,0,0,0,0,1,0,0,0,1,0,0
19957,488,Photorhabdus,luminescens,5.631211781821365,0.8888888888888884,1.0,0.06666666666666667,1,0,0,0,0,0,0,1,0,0,0,0,0,1,0,0
19960,490,Photorhabdus,luminescens,7.151485463904735,0.5555555555555554,0.0,0.33333333333333337,1,0,0,0,1,0,0,0,0,0,0,0,0,0,0,1
19961,491,Xenorhabdus,stockiae,5.2574953720277815,0.8888888888888884,0.5714285714285714,0.33333333333333337,1,0,0,0,0,1,0,0,0,0,0,0,0,1,0,0
19962,492,Photorhabdus,luminescens,5.318119993844216,1.0,0.5,0.13333333333333336,1,0,0,0,0,0,0,0,0,1,0,0,0,0,0,1
19963,493,Photorhabdus,luminescens,5.365976015021851,1.0,0.6428571428571428,0.2,1,0,0,0,0,0,0,0,0,1,0,0,0,1,0,0
19965,479,Xenorhabdus,stockiae,5.676753802268282,0.0,0.6428571428571428,1.0,0,1,1,0,0,0,0,0,0,0,0,0,0,0,0,1
19966,480,Photorhabdus,luminescens,5.327876168789581,0.6666666666666665,0.7142857142857144,0.6,0,1,1,0,0,0,0,0,0,0,0,0,0,0,0,1
19967,481,Xenorhabdus,stockiae,5.69035945432406,1.0,0.5714285714285714,0.06666666666666667,0,1,1,0,0,0,0,0,0,0,0,0,0,0,0,1
19968,482,Xenorhabdus,stockiae,4.0943445622221,0.7777777777777772,0.6428571428571428,0.13333333333333336,0,1,0,0,0,0,0,0,0,1,0,0,0,1,0,0
19970,483,Xenorhabdus,stockiae,5.081404364984463,0.8888888888888884,0.7857142857142856,0.0,0,1,0,1,0,0,0,0,0,0,0,0,0,0,0,1
19971,484,Xenorhabdus,stockiae,3.9889840465642745,1.0,0.8571428571428572,0.06666666666666667,0,1,0,0,0,0,0,0,0,1,0,0,0,1,0,0
19972,485,Photorhabdus,luminescens,3.9512437185814275,1.0,0.7142857142857144,0.06666666666666667,0,1,0,0,0,0,0,0,0,1,0,0,1,0,0,0
19973,486,Xenorhabdus,stockiae,4.0943445622221,0.7777777777777772,0.6428571428571428,0.2,0,1,0,0,0,0,0,0,0,1,0,0,0,0,1,0
19974,487,Xenorhabdus,stockiae,3.784189633918261,1.0,0.7857142857142856,0.06666666666666667,0,1,0,0,0,0,0,0,0,1,0,0,0,1,0,0
19975,488,Photorhabdus,luminescens,5.631211781821365,0.8888888888888884,1.0,0.06666666666666667,0,1,0,0,0,0,0,1,0,0,0,0,0,1,0,0
19977,490,Photorhabdus,luminescens,7.151485463904735,0.5555555555555554,0.0,0.33333333333333337,0,1,0,0,1,0,0,0,0,0,0,0,0,0,0,1
19978,491,Xenorhabdus,stockiae,5.2574953720277815,0.8888888888888884,0.5714285714285714,0.33333333333333337,0,1,0,0,0,1,0,0,0,0,0,0,0,1,0,0
19980,492,Photorhabdus,luminescens,5.318119993844216,1.0,0.5,0.13333333333333336,0,1,0,0,0,0,0,0,0,1,0,0,0,0,0,1
19981,493,Photorhabdus,luminescens,5.365976015021851,1.0,0.6428571428571428,0.2,0,1,0,0,0,0,0,0,0,1,0,0,0,1,0,0
19982,494,Xenorhabdus,stockiae,5.225746673713202,0.8888888888888884,0.6428571428571428,0.33333333333333337,1,0,1,0,0,0,0,0,0,0,0,0,0,1,0,0
19983,495,Xenorhabdus,stockiae,5.337538079701318,1.0,0.9285714285714284,0.06666666666666667,1,0,1,0,0,0,0,0,0,0,0,0,0,0,0,1
19984,496,Photorhabdus,luminescens,5.1298987149230735,0.7777777777777772,0.7857142857142856,0.0,1,0,0,0,0,0,1,0,0,0,0,0,0,0,0,1
19986,498,Photorhabdus,luminescens,5.720311776607412,0.8888888888888884,0.7142857142857144,0.13333333333333336,1,0,0,0,1,0,0,0,0,0,0,0,0,1,0,0
19987,499,Photorhabdus,luminescens,7.148345743900068,0.4444444444444442,0.0714285714285714,0.9333333333333333,1,0,0,0,1,0,0,0,0,0,0,0,0,1,0,0
19988,500,Photorhabdus,luminescens,7.1459844677143876,0.6666666666666665,0.0714285714285714,0.6,1,0,0,0,1,0,0,0,0,0,0,0,0,1,0,0
19990,501,Photorhabdus,luminescens,7.085901464365611,0.5555555555555554,0.1428571428571428,0.26666666666666666,1,0,0,0,1,0,0,0,0,0,0,0,0,1,0,0
20000,494,Xenorhabdus,stockiae,5.225746673713202,0.8888888888888884,0.6428571428571428,0.33333333333333337,0,1,1,0,0,0,0,0,0,0,0,0,0,1,0,0
20001,495,Xenorhabdus,stockiae,5.337538079701318,1.0,0.9285714285714284,0.06666666666666667,0,1,1,0,0,0,0,0,0,0,0,0,0,0,0,1
20002,496,Photorhabdus,luminescens,5.1298987149230735,0.7777777777777772,0.7857142857142856,0.0,0,1,0,0,0,0,1,0,0,0,0,0,0,0,0,1
20004,498,Photorhabdus,luminescens,5.720311776607412,0.8888888888888884,0.7142857142857144,0.13333333333333336,0,1,0,0,1,0,0,0,0,0,0,0,0,1,0,0
20005,499,Photorhabdus,luminescens,7.148345743900068,0.4444444444444442,0.0714285714285714,0.9333333333333333,0,1,0,0,1,0,0,0,0,0,0,0,0,1,0,0
20006,500,Photorhabdus,luminescens,7.1459844677143876,0.6666666666666665,0.0714285714285714,0.6,0,1,0,0,1,0,0,0,0,0,0,0,0,1,0,0
20007,501,Photorhabdus,luminescens,7.085901464365611,0.5555555555555554,0.1428571428571428,0.26666666666666666,0,1,0,0,1,0,0,0,0,0,0,0,0,1,0,0
20017,509,Photorhabdus,luminescens,4.343805421853684,1.0,0.7142857142857144,0.06666666666666667,0,1,0,0,0,0,0,0,0,1,0,0,0,1,0,0
20018,510,Xenorhabdus,stockiae,5.62040086571715,0.8888888888888884,0.6428571428571428,0.06666666666666667,0,1,0,0,0,0,0,1,0,0,0,0,0,1,0,0
20020,511,Xenorhabdus,stockiae,5.594711379601839,0.6666666666666665,0.7857142857142856,0.06666666666666667,0,1,0,0,0,0,0,1,0,0,0,0,0,0,0,1
20023,514,Xenorhabdus,stockiae,5.5093883366279774,1.0,0.7857142857142856,0.06666666666666667,0,1,0,0,0,0,0,1,0,0,0,0,0,0,1,0
20024,515,Xenorhabdus,stockiae,5.605802066295998,0.8888888888888884,0.8571428571428572,0.06666666666666667,0,1,0,0,0,0,0,1,0,0,0,0,0,0,0,1
20025,516,Xenorhabdus,stockiae,5.855071922202427,0.8888888888888884,0.6428571428571428,0.06666666666666667,0,1,0,0,0,0,0,1,0,0,0,0,0,1,0,0
20026,517,Xenorhabdus,stockiae,5.855071922202427,1.0,0.6428571428571428,0.06666666666666667,0,1,0,0,0,0,0,1,0,0,0,0,0,1,0,0
20027,518,Xenorhabdus,stockiae,4.189654742026425,1.0,0.9285714285714284,0.06666666666666667,0,1,0,0,0,0,0,0,0,0,1,0,0,1,0,0
20028,519,Photorhabdus,luminescens,4.0943445622221,0.8888888888888884,0.6428571428571428,0.06666666666666667,0,1,0,0,0,0,0,0,0,1,0,0,0,1,0,0
20030,520,Xenorhabdus,stockiae,5.3612921657094255,0.22222222222222188,0.6428571428571428,0.33333333333333337,0,1,0,0,0,0,0,0,0,1,0,0,0,1,0,0
20031,521,Xenorhabdus,stockiae,5.332718793265369,1.0,0.6428571428571428,0.06666666666666667,0,1,0,0,0,0,0,0,0,1,0,0,0,0,0,1
20032,522,Xenorhabdus,stockiae,5.288267030694535,0.7222222222222219,0.7142857142857144,0.2,0,1,1,0,0,0,0,0,0,0,0,0,0,1,0,0
20033,523,Photorhabdus,luminescens,3.4011973816621555,0.5555555555555554,1.0,0.06666666666666667,0,1,0,0,0,0,0,0,0,0,1,0,0,1,0,0
20035,509,Photorhabdus,luminescens,4.343805421853684,1.0,0.7142857142857144,0.06666666666666667,1,0,0,0,0,0,0,0,0,1,0,0,0,1,0,0
20036,510,Xenorhabdus,stockiae,5.62040086571715,0.8888888888888884,0.6428571428571428,0.06666666666666667,1,0,0,0,0,0,0,1,0,0,0,0,0,1,0,0
20037,511,Xenorhabdus,stockiae,5.594711379601839,0.6666666666666665,0.7857142857142856,0.06666666666666667,1,0,0,0,0,0,0,1,0,0,0,0,0,0,0,1
20041,514,Xenorhabdus,stockiae,5.5093883366279774,1.0,0.7857142857142856,0.06666666666666667,1,0,0,0,0,0,0,1,0,0,0,0,0,0,1,0
20042,515,Xenorhabdus,stockiae,5.605802066295998,0.8888888888888884,0.8571428571428572,0.06666666666666667,1,0,0,0,0,0,0,1,0,0,0,0,0,0,0,1
20043,516,Xenorhabdus,stockiae,5.855071922202427,0.8888888888888884,0.6428571428571428,0.06666666666666667,1,0,0,0,0,0,0,1,0,0,0,0,0,1,0,0
20044,517,Xenorhabdus,stockiae,5.855071922202427,1.0,0.6428571428571428,0.06666666666666667,1,0,0,0,0,0,0,1,0,0,0,0,0,1,0,0
20045,518,Xenorhabdus,stockiae,4.189654742026425,1.0,0.9285714285714284,0.06666666666666667,1,0,0,0,0,0,0,0,0,0,1,0,0,1,0,0
20046,519,Photorhabdus,luminescens,4.0943445622221,0.8888888888888884,0.6428571428571428,0.06666666666666667,1,0,0,0,0,0,0,0,0,1,0,0,0,1,0,0
20047,520,Xenorhabdus,stockiae,5.3612921657094255,0.22222222222222188,0.6428571428571428,0.33333333333333337,1,0,0,0,0,0,0,0,0,1,0,0,0,1,0,0
20048,521,Xenorhabdus,stockiae,5.332718793265369,1.0,0.6428571428571428,0.06666666666666667,1,0,0,0,0,0,0,0,0,1,0,0,0,0,0,1
20050,522,Xenorhabdus,stockiae,5.288267030694535,0.7222222222222219,0.7142857142857144,0.2,1,0,1,0,0,0,0,0,0,0,0,0,0,1,0,0
20051,523,Photorhabdus,luminescens,3.4011973816621555,0.5555555555555554,1.0,0.06666666666666667,1,0,0,0,0,0,0,0,0,0,1,0,0,1,0,0
20053,524,Xenorhabdus,stockiae,5.605802066295998,0.8888888888888884,0.7857142857142856,0.06666666666666667,1,0,0,0,0,0,0,1,0,0,0,0,0,0,0,1
20054,525,Xenorhabdus,stockiae,5.5093883366279774,1.0,0.7142857142857144,0.06666666666666667,1,0,0,0,0,0,0,1,0,0,0,0,0,1,0,0
20055,526,Xenorhabdus,stockiae,5.575949103146316,0.8888888888888884,0.8571428571428572,0.06666666666666667,1,0,0,0,0,0,0,1,0,0,0,0,0,1,0,0
20056,527,Photorhabdus,luminescens,5.545177444479562,1.0,0.8571428571428572,0.06666666666666667,1,0,0,0,0,0,0,1,0,0,0,0,0,1,0,0
20057,528,Xenorhabdus,stockiae,5.62040086571715,0.8888888888888884,0.7142857142857144,0.06666666666666667,1,0,0,0,0,0,0,1,0,0,0,0,0,0,0,1
20058,529,Xenorhabdus,stockiae,5.605802066295998,0.6666666666666665,0.9285714285714284,0.06666666666666667,1,0,0,0,0,0,0,1,0,0,0,0,0,0,0,1
20060,530,Xenorhabdus,stockiae,4.394449154672439,1.0,1.0,0.06666666666666667,1,0,0,0,0,0,0,0,0,1,0,0,0,1,0,0
20061,531,Xenorhabdus,stockiae,4.304065093204169,1.0,0.8571428571428572,0.06666666666666667,1,0,0,0,0,0,0,0,0,1,0,0,0,0,0,1
20062,532,Xenorhabdus,stockiae,4.394449154672439,1.0,0.8571428571428572,0.06666666666666667,1,0,0,0,0,0,0,0,0,1,0,0,0,1,0,0
20063,533,Photorhabdus,luminescens,0.0,0.6666666666666665,1.0,0.06666666666666667,1,0,0,0,0,0,0,0,0,0,1,0,0,1,0,0
20064,534,Xenorhabdus,stockiae,5.402677381872279,0.4444444444444442,0.6428571428571428,0.4666666666666667,1,0,1,0,0,0,0,0,0,0,0,0,0,1,0,0
20065,535,Xenorhabdus,stockiae,5.365976015021851,1.0,0.5714285714285714,0.06666666666666667,1,0,0,0,0,0,0,0,0,1,0,0,0,1,0,0
20066,524,Xenorhabdus,stockiae,5.605802066295998,0.8888888888888884,0.7857142857142856,0.06666666666666667,0,1,0,0,0,0,0,1,0,0,0,0,0,0,0,1
20067,525,Xenorhabdus,stockiae,5.5093883366279774,1.0,0.7142857142857144,0.06666666666666667,0,1,0,0,0,0,0,1,0,0,0,0,0,1,0,0
20068,526,Xenorhabdus,stockiae,5.575949103146316,0.8888888888888884,0.8571428571428572,0.06666666666666667,0,1,0,0,0,0,0,1,0,0,0,0,0,1,0,0
20070,527,Photorhabdus,luminescens,5.545177444479562,1.0,0.8571428571428572,0.06666666666666667,0,1,0,0,0,0,0,1,0,0,0,0,0,1,0,0
20071,528,Xenorhabdus,stockiae,5.62040086571715,0.8888888888888884,0.7142857142857144,0.06666666666666667,0,1,0,0,0,0,0,1,0,0,0,0,0,0,0,1
20073,529,Xenorhabdus,stockiae,5.605802066295998,0.6666666666666665,0.9285714285714284,0.06666666666666667,0,1,0,0,0,0,0,1,0,0,0,0,0,0,0,1
20074,530,Xenorhabdus,stockiae,4.394449154672439,1.0,1.0,0.06666666666666667,0,1,0,0,0,0,0,0,0,1,0,0,0,1,0,0
20075,531,Xenorhabdus,stockiae,4.304065093204169,1.0,0.8571428571428572,0.06666666666666667,0,1,0,0,0,0,0,0,0,1,0,0,0,0,0,1
20076,532,Xenorhabdus,stockiae,4.394449154672439,1.0,0.8571428571428572,0.06666666666666667,0,1,0,0,0,0,0,0,0,1,0,0,0,1,0,0
20077,533,Photorhabdus,luminescens,0.0,0.6666666666666665,1.0,0.06666666666666667,0,1,0,0,0,0,0,0,0,0,1,0,0,1,0,0
20078,534,Xenorhabdus,stockiae,5.402677381872279,0.4444444444444442,0.6428571428571428,0.4666666666666667,0,1,1,0,0,0,0,0,0,0,0,0,0,1,0,0
20079,535,Xenorhabdus,stockiae,5.365976015021851,1.0,0.5714285714285714,0.06666666666666667,0,1,0,0,0,0,0,0,0,1,0,0,0,1,0,0
20081,536,Photorhabdus,luminescens,5.44673737166631,0.8888888888888884,0.7142857142857144,0.13333333333333336,1,0,0,0,0,0,0,1,0,0,0,0,0,1,0,0
20082,537,Photorhabdus,luminescens,5.594711379601839,0.16666666666666652,0.7857142857142856,0.06666666666666667,1,0,0,0,0,0,0,1,0,0,0,0,0,0,0,1
20084,538,Xenorhabdus,stockiae,4.430816798843313,0.8888888888888884,0.9285714285714284,0.06666666666666667,1,0,0,0,0,0,0,0,0,1,0,0,0,0,0,1
20086,540,Photorhabdus,luminescens,5.8971538676367405,0.8888888888888884,0.6428571428571428,0.06666666666666667,1,0,1,0,0,0,0,0,0,0,0,0,0,0,0,1
20088,542,Photorhabdus,luminescens,5.327876168789581,0.4444444444444442,0.7142857142857144,0.4666666666666667,1,0,1,0,0,0,0,0,0,0,0,0,0,0,0,1
20089,543,Photorhabdus,luminescens,4.564348191467836,0.7777777777777772,0.8571428571428572,0.26666666666666666,1,0,0,0,0,0,0,0,0,0,1,0,0,1,0,0
20090,545,Photorhabdus,luminescens,4.394449154672439,1.0,1.0,0.06666666666666667,1,0,0,0,0,0,0,0,0,1,0,0,0,1,0,0
20091,547,Xenorhabdus,stockiae,4.304065093204169,1.0,0.7142857142857144,0.06666666666666667,1,0,0,0,0,0,0,0,0,1,0,0,0,0,0,1
20092,548,Xenorhabdus,stockiae,2.8903717578961645,0.8888888888888884,0.9285714285714284,0.06666666666666667,1,0,0,0,0,0,0,0,0,0,1,0,0,1,0,0
20095,536,Photorhabdus,luminescens,5.44673737166631,0.8888888888888884,0.7142857142857144,0.13333333333333336,0,1,0,0,0,0,0,1,0,0,0,0,0,1,0,0
20096,537,Photorhabdus,luminescens,5.594711379601839,0.16666666666666652,0.7857142857142856,0.06666666666666667,0,1,0,0,0,0,0,1,0,0,0,0,0,0,0,1
20097,538,Xenorhabdus,stockiae,4.430816798843313,0.8888888888888884,0.9285714285714284,0.06666666666666667,0,1,0,0,0,0,0,0,0,1,0,0,0,0,0,1
20099,540,Photorhabdus,luminescens,5.8971538676367405,0.8888888888888884,0.6428571428571428,0.06666666666666667,0,1,1,0,0,0,0,0,0,0,0,0,0,0,0,1
20101,542,Photorhabdus,luminescens,5.327876168789581,0.4444444444444442,0.7142857142857144,0.4666666666666667,0,1,1,0,0,0,0,0,0,0,0,0,0,0,0,1
20102,543,Photorhabdus,luminescens,4.564348191467836,0.7777777777777772,0.8571428571428572,0.26666666666666666,0,1,0,0,0,0,0,0,0,0,1,0,0,1,0,0
20103,545,Photorhabdus,luminescens,4.394449154672439,1.0,1.0,0.06666666666666667,0,1,0,0,0,0,0,0,0,1,0,0,0,1,0,0
20104,547,Xenorhabdus,stockiae,4.304065093204169,1.0,0.7142857142857144,0.06666666666666667,0,1,0,0,0,0,0,0,0,1,0,0,0,0,0,1
20106,548,Xenorhabdus,stockiae,2.8903717578961645,0.8888888888888884,0.9285714285714284,0.06666666666666667,0,1,0,0,0,0,0,0,0,0,1,0,0,1,0,0
20108,549,Xenorhabdus,stockiae,4.430816798843313,1.0,0.7142857142857144,0.06666666666666667,1,0,0,0,0,0,0,0,0,1,0,0,0,1,0,0
20109,550,Photorhabdus,luminescens,5.37989735354046,0.7777777777777772,0.5,0.26666666666666666,1,0,0,0,0,0,0,0,0,1,0,0,0,0,0,1
20110,551,Photorhabdus,luminescens,4.74493212836325,0.8888888888888884,0.6428571428571428,0.2,1,0,0,0,0,0,0,0,0,1,0,0,0,1,0,0
20111,552,Photorhabdus,asymbiotica,5.365976015021851,1.0,0.9285714285714284,0.06666666666666667,1,0,0,0,0,0,0,0,0,1,0,0,0,1,0,0
20113,554,Photorhabdus,luminescens,5.2574953720277815,0.8888888888888884,0.7142857142857144,0.06666666666666667,1,0,1,0,0,0,0,0,0,0,0,0,0,1,0,0
20114,555,Xenorhabdus,stockiae,4.23410650459726,1.0,0.5714285714285714,0.06666666666666667,1,0,0,0,0,0,0,0,0,1,0,0,0,0,0,1
20115,556,Xenorhabdus,stockiae,4.304065093204169,1.0,0.6428571428571428,0.06666666666666667,1,0,0,0,0,0,0,0,0,1,0,0,0,1,0,0
20117,557,Xenorhabdus,stockiae,4.304065093204169,0.8888888888888884,0.7857142857142856,0.2,1,0,0,0,0,0,0,0,0,1,0,0,0,0,0,1
20118,558,Xenorhabdus,stockiae,4.74493212836325,1.0,0.6428571428571428,0.13333333333333336,1,0,0,0,0,0,0,0,0,1,0,0,0,1,0,0
20119,560,Photorhabdus,asymbiotica,5.5093883366279774,1.0,0.7857142857142856,0.06666666666666667,1,0,0,0,0,0,0,1,0,0,0,0,0,0,1,0
20120,561,Photorhabdus,luminescens,4.02535169073515,0.8888888888888884,0.8571428571428572,0.06666666666666667,1,0,0,0,0,0,0,0,0,0,1,0,0,1,0,0
20121,562,Xenorhabdus,stockiae,4.1588830833596715,1.0,0.7857142857142856,0.06666666666666667,1,0,0,0,0,0,0,0,0,0,1,0,0,0,0,1
20124,549,Xenorhabdus,stockiae,4.430816798843313,1.0,0.7142857142857144,0.06666666666666667,0,1,0,0,0,0,0,0,0,1,0,0,0,1,0,0
20125,550,Photorhabdus,luminescens,5.37989735354046,0.7777777777777772,0.5,0.26666666666666666,0,1,0,0,0,0,0,0,0,1,0,0,0,0,0,1
20126,551,Photorhabdus,luminescens,4.74493212836325,0.8888888888888884,0.6428571428571428,0.2,0,1,0,0,0,0,0,0,0,1,0,0,0,1,0,0
20128,552,Photorhabdus,asymbiotica,5.365976015021851,1.0,0.9285714285714284,0.06666666666666667,0,1,0,0,0,0,0,0,0,1,0,0,0,1,0,0
20130,554,Photorhabdus,luminescens,5.2574953720277815,0.8888888888888884,0.7142857142857144,0.06666666666666667,0,1,1,0,0,0,0,0,0,0,0,0,0,1,0,0
20131,555,Xenorhabdus,stockiae,4.23410650459726,1.0,0.5714285714285714,0.06666666666666667,0,1,0,0,0,0,0,0,0,1,0,0,0,0,0,1
20132,556,Xenorhabdus,stockiae,4.304065093204169,1.0,0.6428571428571428,0.06666666666666667,0,1,0,0,0,0,0,0,0,1,0,0,0,1,0,0
20133,557,Xenorhabdus,stockiae,4.304065093204169,0.8888888888888884,0.7857142857142856,0.2,0,1,0,0,0,0,0,0,0,1,0,0,0,0,0,1
20134,558,Xenorhabdus,stockiae,4.74493212836325,1.0,0.6428571428571428,0.13333333333333336,0,1,0,0,0,0,0,0,0,1,0,0,0,1,0,0
20135,560,Photorhabdus,asymbiotica,5.5093883366279774,1.0,0.7857142857142856,0.06666666666666667,0,1,0,0,0,0,0,1,0,0,0,0,0,0,1,0
20136,561,Photorhabdus,luminescens,4.02535169073515,0.8888888888888884,0.8571428571428572,0.06666666666666667,0,1,0,0,0,0,0,0,0,0,1,0,0,1,0,0
20137,562,Xenorhabdus,stockiae,4.1588830833596715,1.0,0.7857142857142856,0.06666666666666667,0,1,0,0,0,0,0,0,0,0,1,0,0,0,0,1
20148,570,Xenorhabdus,stockiae,6.715383386334681,1.0,0.3571428571428572,0.06666666666666667,1,0,0,0,0,0,0,0,1,0,0,0,0,1,0,0
20150,571,Xenorhabdus,stockiae,6.71901315438526,0.7777777777777772,0.2142857142857144,0.2,1,0,0,0,0,0,0,0,1,0,0,0,0,1,0,0
20151,572,Photorhabdus,luminescens,6.606650186198215,0.8888888888888884,0.2857142857142858,0.13333333333333336,1,0,0,0,0,0,0,0,1,0,0,0,0,1,0,0
20155,577,Photorhabdus,luminescens,5.605802066295998,0.4444444444444442,0.8571428571428572,0.06666666666666667,1,0,0,0,0,0,0,1,0,0,0,0,0,0,0,1
20157,579,Photorhabdus,luminescens,5.963579343618446,1.0,0.7142857142857144,0.06666666666666667,1,0,1,0,0,0,0,0,0,0,0,0,0,0,0,1
20158,580,Photorhabdus,luminescens,5.720311776607412,0.8888888888888884,0.7142857142857144,0.2,1,0,0,0,1,0,0,0,0,0,0,0,0,1,0,0
20161,581,Xenorhabdus,stockiae,3.784189633918261,1.0,0.7857142857142856,0.06666666666666667,1,0,0,0,0,0,0,0,0,1,0,0,0,1,0,0
20162,583,Photorhabdus,luminescens,3.8066624897703196,1.0,0.7857142857142856,0.06666666666666667,1,0,0,0,0,0,0,0,0,1,0,0,0,0,1,0
20163,584,Xenorhabdus,stockiae,5.575949103146316,1.0,0.9285714285714284,0.06666666666666667,1,0,0,0,0,0,0,1,0,0,0,0,0,1,0,0
20164,585,Photorhabdus,luminescens,5.537334267018537,0.8888888888888884,0.7857142857142856,0.06666666666666667,1,0,0,0,0,0,0,1,0,0,0,0,0,0,0,1
20165,586,Photorhabdus,luminescens,7.147559271189454,0.5555555555555554,0.0,0.2,1,0,0,0,1,0,0,0,0,0,0,0,0,1,0,0
20176,570,Xenorhabdus,stockiae,6.715383386334681,1.0,0.3571428571428572,0.06666666666666667,0,1,0,0,0,0,0,0,1,0,0,0,0,1,0,0
20177,571,Xenorhabdus,stockiae,6.71901315438526,0.7777777777777772,0.2142857142857144,0.2,0,1,0,0,0,0,0,0,1,0,0,0,0,1,0,0
20178,572,Photorhabdus,luminescens,6.606650186198215,0.8888888888888884,0.2857142857142858,0.13333333333333336,0,1,0,0,0,0,0,0,1,0,0,0,0,1,0,0
20183,577,Photorhabdus,luminescens,5.605802066295998,0.4444444444444442,0.8571428571428572,0.06666666666666667,0,1,0,0,0,0,0,1,0,0,0,0,0,0,0,1
20185,579,Photorhabdus,luminescens,5.963579343618446,1.0,0.7142857142857144,0.06666666666666667,0,1,1,0,0,0,0,0,0,0,0,0,0,0,0,1
20186,580,Photorhabdus,luminescens,5.720311776607412,0.8888888888888884,0.7142857142857144,0.2,0,1,0,0,1,0,0,0,0,0,0,0,0,1,0,0
20187,581,Xenorhabdus,stockiae,3.784189633918261,1.0,0.7857142857142856,0.06666666666666667,0,1,0,0,0,0,0,0,0,1,0,0,0,1,0,0
20188,583,Photorhabdus,luminescens,3.8066624897703196,1.0,0.7857142857142856,0.06666666666666667,0,1,0,0,0,0,0,0,0,1,0,0,0,0,1,0
20189,584,Xenorhabdus,stockiae,5.575949103146316,1.0,0.9285714285714284,0.06666666666666667,0,1,0,0,0,0,0,1,0,0,0,0,0,1,0,0
20190,585,Photorhabdus,luminescens,5.537334267018537,0.8888888888888884,0.7857142857142856,0.06666666666666667,0,1,0,0,0,0,0,1,0,0,0,0,0,0,0,1
20191,586,Photorhabdus,luminescens,7.147559271189454,0.5555555555555554,0.0,0.2,0,1,0,0,1,0,0,0,0,0,0,0,0,1,0,0
